model,r2_log,mae_log,mae_dollars
Ridge Baseline,0.5566018519111371,0.867172725646946,15604871.64006601
XGBoost Baseline,0.6033541922790232,0.7877122519638763,13532717.778547674
