model,r2_log,mae_log,mae_dollars
Ridge Baseline,0.5531830480981474,0.8761171075398863,17085995.383381285
XGBoost Baseline,0.604596846945843,0.7834158158241772,13343546.596229292
