model,r2_log,mae_log,mae_dollars
Ridge Baseline,0.627402451340509,0.8017701739184797,12304645.133966882
XGBoost Baseline,0.6720969958587845,0.7458666980442893,11788700.865463896
