model,r2_log,mae_log,mae_dollars
Ridge Baseline,0.5917871306820597,0.8014671022735447,15157480.853755657
XGBoost Baseline,0.6311835761003037,0.7427312634099654,12045563.681307161
