model,r2_log,mae_log,mae_dollars
Ridge Baseline,0.5879715523815152,0.8070012697399342,13868388.825594101
XGBoost Baseline,0.6253534622222725,0.7509391015086634,11862009.181541016
