model,r2_log,mae_log,mae_dollars
Ridge Baseline,0.6262112584124195,0.8060754673454896,15776329.939759618
XGBoost Baseline,0.6590153200635276,0.7441150696076317,11648314.178288694
