model,r2_log,mae_log,mae_dollars
Ridge Baseline,0.6082237554820729,0.8212655253262315,14580267.404851617
XGBoost Baseline,0.6554659441693309,0.7489484026627811,11732493.124731496
