model,r2_log,mae_log,mae_dollars
Ridge Baseline,0.583971569603533,0.8091796866290776,15281182.615218043
XGBoost Baseline,0.6177688849699645,0.7599560114874764,12314448.34100436
