model,r2_log,mae_log,mae_dollars
Ridge Baseline,0.6140312026781262,0.8147984383213324,12226775.516714197
XGBoost Baseline,0.6691110209426202,0.742824410890186,11895880.618270159
