model,r2_log,mae_log,mae_dollars
Ridge Baseline,0.8543275296900263,0.5171104772148609,11124909.629936745
XGBoost Baseline,0.8950352437114055,0.44406629262729735,11009012.54660704
