model,r2_log,mae_log,mae_dollars
Ridge Baseline,0.5422675028088475,0.8652268770214883,15821743.226184582
XGBoost Baseline,0.5830364307206162,0.8026798076129226,13462340.019727211
