model,r2_log,mae_log,mae_dollars
Ridge Baseline,0.5402989713016917,0.9891287203945243,8234094.113494841
XGBoost Baseline,0.598709897091242,0.9119990104507624,6757154.890749114
