model,r2_log,mae_log,mae_dollars
Ridge Baseline,0.5044804042309787,0.9152804466087111,8044948.794950275
XGBoost Baseline,0.541953928499372,0.8128237721428792,6348122.378442464
