model,r2_log,mae_log,mae_dollars
Ridge Baseline,0.5281932467804169,0.886184913813702,7707467.481162132
XGBoost Baseline,0.5674819947461475,0.7916303227333057,6354720.467979201
