model,r2_log,mae_log,mae_dollars
Ridge Baseline,0.46571423742144546,0.8492595773696803,7385994.3760667695
XGBoost Baseline,0.5013091686999145,0.8108187859601228,6257897.7424553195
