model,r2_log,mae_log,mae_dollars
Ridge Baseline,0.4324001052249622,0.890363563889518,7463042.004970953
XGBoost Baseline,0.507422516128395,0.8001851681410143,6241535.4139449205
