model,r2_log,mae_log,mae_dollars
Ridge Baseline,0.5056557693836903,0.9223457638828175,8043238.141812663
XGBoost Baseline,0.5389082419312956,0.8226900412944701,6418018.470918687
