model,r2_log,mae_log,mae_dollars
Ridge Baseline,0.4297827398481371,0.8979472630143257,7586785.76030218
XGBoost Baseline,0.4809395912669019,0.8262605129583314,6321491.7905322425
