model,r2_log,mae_log,mae_dollars
Ridge Baseline,0.33653683099305387,1.2559471677524938,11271540.568062266
XGBoost Baseline,0.557482759005042,0.9969849207908221,7443882.621790245
