model,r2_log,mae_log,mae_dollars
Ridge Baseline,0.4263236589548256,0.8996939211780048,7648200.437009225
XGBoost Baseline,0.5089757298999813,0.7918053553856448,6141041.47244722
