model,r2_log,mae_log,mae_dollars
Ridge Baseline,0.34495038052929305,1.0897820420855413,12485598.111425703
XGBoost Baseline,0.5053825936475633,0.8608578461274357,6633072.091189382
